{
  "texts": [
    {
      "text": "1000 креативных идей"
    },
    {
      "text": "на каждый квадратный"
    },
    {
      "text": "метр"
    }
  ],
  "list": [
    {
      "imgSrc": "app/img/content/about/slider/1.jpg",
      "imgAlt": "Slider Image 1"
    },
    {
      "imgSrc": "app/img/content/about/slider/1.jpg",
      "imgAlt": "Slider Image 3"
    },
    {
      "imgSrc": "app/img/content/about/slider/1.jpg",
      "imgAlt": "Slider Image 2"
    }
  ],
  "title": "О компании",
  "info": [
    {
      "text": "“Ижевск – столица российского дизайна 2018”"
    },
    {
      "text": "Именно это событие, послужило поводом для создания абсолютно уникальной площадки, дизайн студии TEXTURA."
    },
    {
      "text": "В нашей экспозиции, представлены библиотеки ведущих текстильных домов Москвы и Европы. Собраны уникальные коллекции тканей, созданные модными и креативными дизайнерами."
    },
    {
      "text": "Задумывая наш проект, мы ориентировались на потребности времени и нашего рынка."
    },
    {
      "text": "Находясь в историческом центре города Ижевска, нам представилась возможность организовать удобное место встреч для архитекторов и интерьерных дизайнеров."
    },
    {
      "text": "На базе дизайн-студии TEXTURA, постоянно проводятся мероприятии, направленные на представление и изучение изменений и развития происходящего в мире текстильных трендов."
    },
    {
      "text": "Все эти тенденции, получают свое отражение в разнообразии дизайнов и видов тканей, областей их применений."
    }
  ],
  "mark": {
    "src": "app/img/content/about/mark.png",
    "alt": "Izhevsk - Design 2018"
  }
}