{
  "title": "Контакты",
  "address": "Россия, г. Ижевск, ул. Советская 19",
  "phone": {
    "text": {
      "start": "тел. ",
      "end": "(3412) 51-35-45"
    },
    "link": "tel:3412513545"
  },
  "mobile": {
    "text": {
      "start": "моб. ",
      "end": "+7 (963) 484 47 60"
    },
    "link": "tel:+79634844760"
  },
  "mode": {
    "title": "Режим работы:",
    "wake": {
      "text": "пн-пт ",
      "num": "с 10:00-19:00"
    },
    "saturday": {
      "text": "сб ",
      "num": "с 10:00-18:00"
    },
    "sunday": {
      "text": "вс ",
      "num": "выходной"
    }
  }
}