{
  "topNav": [
    {
      "text": "О компании",
      "link": "about.html",
      "innerNav": [
        {
          "text": "О компании",
          "link": "about.html"
        },
        {
          "text": "Наша команда",
          "link": "team.html"
        }
      ]
    },
    {
      "text": "Продукция",
      "link": "brands.html"
    },
    {
      "text": "Новости",
      "link": "news.html"
    },
    {
      "text": "Наши проекты",
      "link": "projects.html"
    },
    {
      "text": "Контакты",
      "link": "contacts.html"
    }
  ]
}