{
  "title": "Наши проекты",
  "list": [
    {
      "imgSrc": "app/img/content/projects/1.jpg",
      "imgAlt": "Project 1",
      "name": "Svetlana Svetlana",
      "author": "Svetlana Svetlana",
      "text": "Это упорядоченный набор предложений, предназначенный для того, чтобы выразить некий смысл предложений, предназначенный для того, чтобы выразить некий смысл",
      "mod": "small"
    },
    {
      "imgSrc": "app/img/content/projects/2.jpg",
      "imgAlt": "Project 2",
      "name": "Svetlana Svetlana",
      "author": "Svetlana Svetlana",
      "text": "Это упорядоченный набор предложений, предназначенный для того, чтобы выразить некий смысл предложений, предназначенный для того, чтобы выразить некий смысл",
      "mod": "small"
    },
    {
      "imgSrc": "app/img/content/projects/3.jpg",
      "imgAlt": "Project 3",
      "name": "Svetlana Svetlana",
      "author": "Svetlana Svetlana",
      "text": "Это упорядоченный набор предложений, предназначенный для того, чтобы выразить некий смысл предложений, предназначенный для того, чтобы выразить некий смысл",
      "mod": "small"
    },
    {
      "imgSrc": "app/img/content/projects/4.jpg",
      "imgAlt": "Project 4",
      "name": "Svetlana Svetlana",
      "author": "Svetlana Svetlana",
      "text": "Это упорядоченный набор предложений, предназначенный для того, чтобы выразить некий смысл предложений, предназначенный для того, чтобы выразить некий смысл",
      "mod": "big"
    },
    {
      "imgSrc": "app/img/content/projects/5.jpg",
      "imgAlt": "Project 5",
      "name": "Svetlana Svetlana",
      "author": "Svetlana Svetlana",
      "text": "Это упорядоченный набор предложений, предназначенный для того, чтобы выразить некий смысл предложений, предназначенный для того, чтобы выразить некий смысл",
      "mod": "big"
    }
  ]
}